﻿<?xml version="1.0" encoding="utf-8"?><HelpTOCNode Title="Ade.Network.Configuration.TypeSystem" Url="html/07f478bb-2341-b1af-0cdd-ae9e6081dd58.htm"><HelpTOCNode Title="IArrayTypeDefinition Interface" Url="html/3b9300a6-68e7-e464-fbaf-fbc38e6ee8ed.htm" HasChildren="true" /><HelpTOCNode Title="IEnumMemberDefinition Interface" Url="html/cc171803-c69a-9686-5c3a-e60f6c5afc93.htm" HasChildren="true" /><HelpTOCNode Title="IEnumTypeDefinition Interface" Url="html/3b44cdf5-5e4e-c259-1864-47c51fbaa27d.htm" HasChildren="true" /><HelpTOCNode Title="IMemberDefinition Interface" Url="html/711ae987-b6dc-af01-df1d-c7200a0b92ab.htm" HasChildren="true" /><HelpTOCNode Title="IRangeDefinition Interface" Url="html/4577a7ad-5b6c-ae5b-91c2-0970c9ad590c.htm" HasChildren="true" /><HelpTOCNode Title="IRangeTypeDefinition Interface" Url="html/d7236544-5c25-81f8-26d7-6413c24320d7.htm" HasChildren="true" /><HelpTOCNode Title="IStructMemberDefinition Interface" Url="html/0eb14353-e67a-b7e1-42c1-255914075eae.htm" HasChildren="true" /><HelpTOCNode Title="IStructTypeDefinition Interface" Url="html/3cd11fcc-11ff-d19f-0630-69fed956f781.htm" HasChildren="true" /><HelpTOCNode Title="ITypeDefinition Interface" Url="html/30e66e49-8478-57fe-c65d-625dbd5f92bd.htm" HasChildren="true" /><HelpTOCNode Title="IValueTypeDefinition Interface" Url="html/1a845cd7-9b96-9c96-89a7-e2fc04fd3b55.htm" HasChildren="true" /><HelpTOCNode Title="TypeDefinitionKind Enumeration" Url="html/26b9ae03-70b3-d658-60c6-9e3dd49be776.htm" /></HelpTOCNode>