﻿<?xml version="1.0" encoding="utf-8"?><HelpTOCNode Title="Ade.Network.Configuration" Url="html/3be07278-b736-fb00-7cd6-f0bcd6d02b9d.htm"><HelpTOCNode Title="ICommunicationLayer Interface" Url="html/4a3671d3-ce8c-4e45-1398-7385e6859a98.htm" HasChildren="true" /><HelpTOCNode Title="IConnectable Interface" Url="html/1f352482-54f5-b2de-8fcf-90a75da43563.htm" HasChildren="true" /><HelpTOCNode Title="Id Class" Url="html/ac8911a1-1f88-11cc-ada2-e2d7c8a0f29e.htm" HasChildren="true" /><HelpTOCNode Title="IDevice Interface" Url="html/c5b7dd7c-9c8a-11f9-8d18-7fff1224fb50.htm" HasChildren="true" /><HelpTOCNode Title="IDeviceIdentity Interface" Url="html/9a0bc282-5361-8413-5680-14c5fa38eced.htm" HasChildren="true" /><HelpTOCNode Title="IId Interface" Url="html/17f78683-5933-0af1-67c9-0419bbf81491.htm" HasChildren="true" /><HelpTOCNode Title="INetCI Interface" Url="html/13a6016d-94b4-720d-dc40-3ac9ba8ccaf6.htm" HasChildren="true" /><HelpTOCNode Title="ISpecification(T) Interface" Url="html/3b5a7300-778e-7c86-f17f-aa2d23e0d0fb.htm" HasChildren="true" /><HelpTOCNode Title="IStorageEventNotificationPriorityMetadata Interface" Url="html/97fb276a-8a70-7c92-fe7a-f8640653ea76.htm" HasChildren="true" /><HelpTOCNode Title="Layers Class" Url="html/ffc1cdf9-9368-2b7a-e342-2860e953b1e0.htm" HasChildren="true" /><HelpTOCNode Title="NetworkConfigurationError Enumeration" Url="html/76590163-e82d-e1e2-3093-d4290230713c.htm" /><HelpTOCNode Title="NetworkConfigurationException Class" Url="html/8faa55d1-9ee5-83c9-197c-a0c9ce51d2fd.htm" HasChildren="true" /><HelpTOCNode Title="Path Class" Url="html/334e002a-478a-5c65-bfa8-bd31cf9c43cf.htm" HasChildren="true" /><HelpTOCNode Title="Specification Class" Url="html/41442066-20de-a08f-de5e-f6eb15481d88.htm" HasChildren="true" /><HelpTOCNode Title="StorageEventNotificationPriorityMetaDataAttribute Class" Url="html/2936c695-ea15-10c4-590b-2af37fffdfb1.htm" HasChildren="true" /></HelpTOCNode>