﻿<?xml version="1.0" encoding="utf-8"?><HelpTOCNode Title="NetworkConfigurationException Constructor " Url="html/40f546ae-3bca-9dd9-e653-a8a77dfa18de.htm"><HelpTOCNode Title="NetworkConfigurationException Constructor " Url="html/f903f297-e679-3683-791e-7a8a02451cfe.htm" /><HelpTOCNode Title="NetworkConfigurationException Constructor (String)" Url="html/738c39dc-b00c-5942-0265-c92ab57475eb.htm" /><HelpTOCNode Title="NetworkConfigurationException Constructor (NetworkConfigurationError)" Url="html/c33cb8ff-33a6-278e-686b-96877159d109.htm" /><HelpTOCNode Title="NetworkConfigurationException Constructor (SerializationInfo, StreamingContext)" Url="html/08d7ff97-a546-d4e6-e9ca-57bc28093ac2.htm" /><HelpTOCNode Title="NetworkConfigurationException Constructor (String, NetworkConfigurationError)" Url="html/6128f4ea-0741-88b8-a287-11eeaea5f9b3.htm" /><HelpTOCNode Title="NetworkConfigurationException Constructor (String, Exception)" Url="html/40aa343d-6e08-c1f4-025a-dbd0d9ebf7b0.htm" /><HelpTOCNode Title="NetworkConfigurationException Constructor (SerializationInfo, StreamingContext, NetworkConfigurationError)" Url="html/ad9d4810-325b-408e-dbff-2ee9c3ba4aab.htm" /><HelpTOCNode Title="NetworkConfigurationException Constructor (String, Exception, NetworkConfigurationError)" Url="html/63f48179-e63a-9d1e-1a39-08277702d5fd.htm" /></HelpTOCNode>