﻿<?xml version="1.0" encoding="utf-8"?><HelpTOCNode Title="Path Methods" Url="html/641e7153-019c-58d5-1fd7-fb5e6b19cfd1.htm"><HelpTOCNode Title="Append Method " Url="html/4eeac857-a30f-6119-fa6e-1919682abe72.htm" HasChildren="true" /><HelpTOCNode Title="IsId Method " Url="html/ca8a1d56-37fe-c39b-dd3c-bcc3f99b00d0.htm" /><HelpTOCNode Title="IsIndex Method " Url="html/fea6d5d9-d8b5-03c4-1cc0-7819cc4b6975.htm" /><HelpTOCNode Title="IsName Method " Url="html/8a06b60a-d022-231a-81da-701204b62a9b.htm" /><HelpTOCNode Title="Parse Method " Url="html/8d1f6fbe-4549-dddb-66ab-8eaf409c2b70.htm" /><HelpTOCNode Title="StartsWith Method " Url="html/2ee49f39-63c4-8466-8c5d-6601b3452953.htm" /><HelpTOCNode Title="Subsequence Method " Url="html/569f45ab-e44c-7a13-5759-d5154d8e3950.htm" /><HelpTOCNode Title="ToString Method " Url="html/d5a1bdcd-1a50-b4e1-a23f-5943f4ea98eb.htm" /><HelpTOCNode Title="TryParse Method " Url="html/4e490083-4507-9e1a-0f57-3b67e361e850.htm" /></HelpTOCNode>